-- Creación de programas
INSERT INTO PROGRAM (PROGRAM_ID, PROGRAM_NAME) VALUES (1, 'Ingeniería de Sistemas');
INSERT INTO PROGRAM (PROGRAM_ID, PROGRAM_NAME) VALUES (2, 'Derecho');
INSERT INTO PROGRAM (PROGRAM_ID, PROGRAM_NAME) VALUES (3, 'Ingeniería Civil');
INSERT INTO PROGRAM (PROGRAM_ID, PROGRAM_NAME) VALUES (4, 'Contaduría');

-- Creación de competencias generales para cada programa
INSERT INTO COMPETENCE (COMPETENCE_ID, COMPETENCE_TYPE, COMPETENCE_NAME, COMPETENCE_STATUS) VALUES (1, 'General', 'Habilidad de resolución de problemas', 1);
INSERT INTO COMPETENCE (COMPETENCE_ID, COMPETENCE_TYPE, COMPETENCE_NAME, COMPETENCE_STATUS) VALUES (2, 'General', 'Pensamiento crítico', 1);
INSERT INTO COMPETENCE (COMPETENCE_ID, COMPETENCE_TYPE, COMPETENCE_NAME, COMPETENCE_STATUS) VALUES (3, 'General', 'Comunicación efectiva', 1);
INSERT INTO COMPETENCE (COMPETENCE_ID, COMPETENCE_TYPE, COMPETENCE_NAME, COMPETENCE_STATUS) VALUES (4, 'General', 'Trabajo en equipo', 1);
INSERT INTO COMPETENCE (COMPETENCE_ID, COMPETENCE_TYPE, COMPETENCE_NAME, COMPETENCE_STATUS) VALUES (5, 'General', 'Habilidades interpersonales', 1);

-- Creación de competencias específicas para Ingeniería de Sistemas
INSERT INTO COMPETENCE (COMPETENCE_ID, COMPETENCE_TYPE, COMPETENCE_NAME, COMPETENCE_STATUS) VALUES (6, 'Específica', 'Desarrollo de Software', 1);
INSERT INTO COMPETENCE (COMPETENCE_ID, COMPETENCE_TYPE, COMPETENCE_NAME, COMPETENCE_STATUS) VALUES (7, 'Específica', 'Bases de Datos', 1);
INSERT INTO COMPETENCE (COMPETENCE_ID, COMPETENCE_TYPE, COMPETENCE_NAME, COMPETENCE_STATUS) VALUES (8, 'Específica', 'Redes de Computadoras', 1);
INSERT INTO COMPETENCE (COMPETENCE_ID, COMPETENCE_TYPE, COMPETENCE_NAME, COMPETENCE_STATUS) VALUES (9, 'Específica', 'Inteligencia Artificial', 1);
INSERT INTO COMPETENCE (COMPETENCE_ID, COMPETENCE_TYPE, COMPETENCE_NAME, COMPETENCE_STATUS) VALUES (10, 'Específica', 'Seguridad Informática', 1);

-- Creación de competencias específicas para Derecho
INSERT INTO COMPETENCE (COMPETENCE_ID, COMPETENCE_TYPE, COMPETENCE_NAME, COMPETENCE_STATUS) VALUES (11, 'Específica', 'Derecho Civil', 1);
INSERT INTO COMPETENCE (COMPETENCE_ID, COMPETENCE_TYPE, COMPETENCE_NAME, COMPETENCE_STATUS) VALUES (12, 'Específica', 'Derecho Penal', 1);
INSERT INTO COMPETENCE (COMPETENCE_ID, COMPETENCE_TYPE, COMPETENCE_NAME, COMPETENCE_STATUS) VALUES (13, 'Específica', 'Derecho Laboral', 1);
INSERT INTO COMPETENCE (COMPETENCE_ID, COMPETENCE_TYPE, COMPETENCE_NAME, COMPETENCE_STATUS) VALUES (14, 'Específica', 'Derecho Internacional', 1);
INSERT INTO COMPETENCE (COMPETENCE_ID, COMPETENCE_TYPE, COMPETENCE_NAME, COMPETENCE_STATUS) VALUES (15, 'Específica', 'Derecho Comercial', 1);

-- Creación de competencias específicas para Ingeniería Civil
INSERT INTO COMPETENCE (COMPETENCE_ID, COMPETENCE_TYPE, COMPETENCE_NAME, COMPETENCE_STATUS) VALUES (16, 'Específica', 'Diseño Estructural', 1);
INSERT INTO COMPETENCE (COMPETENCE_ID, COMPETENCE_TYPE, COMPETENCE_NAME, COMPETENCE_STATUS) VALUES (17, 'Específica', 'Construcción de Carreteras', 1);
INSERT INTO COMPETENCE (COMPETENCE_ID, COMPETENCE_TYPE, COMPETENCE_NAME, COMPETENCE_STATUS) VALUES (18, 'Específica', 'Ingeniería Hidráulica', 1);
INSERT INTO COMPETENCE (COMPETENCE_ID, COMPETENCE_TYPE, COMPETENCE_NAME, COMPETENCE_STATUS) VALUES (19, 'Específica', 'Gestión de Proyectos', 1);
INSERT INTO COMPETENCE (COMPETENCE_ID, COMPETENCE_TYPE, COMPETENCE_NAME, COMPETENCE_STATUS) VALUES (20, 'Específica', 'Geotecnia', 1);

-- Creación de competencias específicas para Contaduría
INSERT INTO COMPETENCE (COMPETENCE_ID, COMPETENCE_TYPE, COMPETENCE_NAME, COMPETENCE_STATUS) VALUES (21, 'Específica', 'Auditoría', 1);
INSERT INTO COMPETENCE (COMPETENCE_ID, COMPETENCE_TYPE, COMPETENCE_NAME, COMPETENCE_STATUS) VALUES (22, 'Específica', 'Contabilidad de Costos', 1);
INSERT INTO COMPETENCE (COMPETENCE_ID, COMPETENCE_TYPE, COMPETENCE_NAME, COMPETENCE_STATUS) VALUES (23, 'Específica', 'Finanzas Corporativas', 1);
INSERT INTO COMPETENCE (COMPETENCE_ID, COMPETENCE_TYPE, COMPETENCE_NAME, COMPETENCE_STATUS) VALUES (24, 'Específica', 'Impuestos', 1);
INSERT INTO COMPETENCE (COMPETENCE_ID, COMPETENCE_TYPE, COMPETENCE_NAME, COMPETENCE_STATUS) VALUES (25, 'Específica', 'Contabilidad Gubernamental', 1);

-- Inserción de relaciones entre programas y competencias
INSERT INTO PROGRAM_COMPETENCE (PROGRAM_ID, COMPETENCE_ID) VALUES (1, 1);
INSERT INTO PROGRAM_COMPETENCE (PROGRAM_ID, COMPETENCE_ID) VALUES (1, 2);
INSERT INTO PROGRAM_COMPETENCE (PROGRAM_ID, COMPETENCE_ID) VALUES (1, 3);
INSERT INTO PROGRAM_COMPETENCE (PROGRAM_ID, COMPETENCE_ID) VALUES (1, 4);
INSERT INTO PROGRAM_COMPETENCE (PROGRAM_ID, COMPETENCE_ID) VALUES (1, 5);
INSERT INTO PROGRAM_COMPETENCE (PROGRAM_ID, COMPETENCE_ID) VALUES (1, 6);
INSERT INTO PROGRAM_COMPETENCE (PROGRAM_ID, COMPETENCE_ID) VALUES (1, 7);
INSERT INTO PROGRAM_COMPETENCE (PROGRAM_ID, COMPETENCE_ID) VALUES (1, 8);
INSERT INTO PROGRAM_COMPETENCE (PROGRAM_ID, COMPETENCE_ID) VALUES (1, 9);
INSERT INTO PROGRAM_COMPETENCE (PROGRAM_ID, COMPETENCE_ID) VALUES (1, 10);

INSERT INTO PROGRAM_COMPETENCE (PROGRAM_ID, COMPETENCE_ID) VALUES (2, 1);
INSERT INTO PROGRAM_COMPETENCE (PROGRAM_ID, COMPETENCE_ID) VALUES (2, 2);
INSERT INTO PROGRAM_COMPETENCE (PROGRAM_ID, COMPETENCE_ID) VALUES (2, 3);
INSERT INTO PROGRAM_COMPETENCE (PROGRAM_ID, COMPETENCE_ID) VALUES (2, 4);
INSERT INTO PROGRAM_COMPETENCE (PROGRAM_ID, COMPETENCE_ID) VALUES (2, 5);
INSERT INTO PROGRAM_COMPETENCE (PROGRAM_ID, COMPETENCE_ID) VALUES (2, 11);
INSERT INTO PROGRAM_COMPETENCE (PROGRAM_ID, COMPETENCE_ID) VALUES (2, 12);
INSERT INTO PROGRAM_COMPETENCE (PROGRAM_ID, COMPETENCE_ID) VALUES (2, 13);
INSERT INTO PROGRAM_COMPETENCE (PROGRAM_ID, COMPETENCE_ID) VALUES (2, 14);
INSERT INTO PROGRAM_COMPETENCE (PROGRAM_ID, COMPETENCE_ID) VALUES (2, 15);

INSERT INTO PROGRAM_COMPETENCE (PROGRAM_ID, COMPETENCE_ID) VALUES (3, 1);
INSERT INTO PROGRAM_COMPETENCE (PROGRAM_ID, COMPETENCE_ID) VALUES (3, 2);
INSERT INTO PROGRAM_COMPETENCE (PROGRAM_ID, COMPETENCE_ID) VALUES (3, 3);
INSERT INTO PROGRAM_COMPETENCE (PROGRAM_ID, COMPETENCE_ID) VALUES (3, 4);
INSERT INTO PROGRAM_COMPETENCE (PROGRAM_ID, COMPETENCE_ID) VALUES (3, 5);
INSERT INTO PROGRAM_COMPETENCE (PROGRAM_ID, COMPETENCE_ID) VALUES (3, 16);
INSERT INTO PROGRAM_COMPETENCE (PROGRAM_ID, COMPETENCE_ID) VALUES (3, 17);
INSERT INTO PROGRAM_COMPETENCE (PROGRAM_ID, COMPETENCE_ID) VALUES (3, 18);
INSERT INTO PROGRAM_COMPETENCE (PROGRAM_ID, COMPETENCE_ID) VALUES (3, 19);
INSERT INTO PROGRAM_COMPETENCE (PROGRAM_ID, COMPETENCE_ID) VALUES (3, 20);

INSERT INTO PROGRAM_COMPETENCE (PROGRAM_ID, COMPETENCE_ID) VALUES (4, 1);
INSERT INTO PROGRAM_COMPETENCE (PROGRAM_ID, COMPETENCE_ID) VALUES (4, 2);
INSERT INTO PROGRAM_COMPETENCE (PROGRAM_ID, COMPETENCE_ID) VALUES (4, 3);
INSERT INTO PROGRAM_COMPETENCE (PROGRAM_ID, COMPETENCE_ID) VALUES (4, 4);
INSERT INTO PROGRAM_COMPETENCE (PROGRAM_ID, COMPETENCE_ID) VALUES (4, 5);
INSERT INTO PROGRAM_COMPETENCE (PROGRAM_ID, COMPETENCE_ID) VALUES (4, 21);
INSERT INTO PROGRAM_COMPETENCE (PROGRAM_ID, COMPETENCE_ID) VALUES (4, 22);
INSERT INTO PROGRAM_COMPETENCE (PROGRAM_ID, COMPETENCE_ID) VALUES (4, 23);
INSERT INTO PROGRAM_COMPETENCE (PROGRAM_ID, COMPETENCE_ID) VALUES (4, 24);
INSERT INTO PROGRAM_COMPETENCE (PROGRAM_ID, COMPETENCE_ID) VALUES (4, 25);
